{"training_loss": 71.4151840209961, "training_acc": 0.0008130081300813008, "training_prec": 0.0008130081300813008, "training_recall": 0.0008130081300813008, "training_f1": 0.0008130081300813008, "training_bleu": 0.0008130081300813008, "validate_loss": 61.61182403564453, "validate_acc": 0.0, "validate_prec": 0.0, "validate_recall": 0.0, "validate_f1": 0.0, "validate_bleu": 0.0, "_timestamp": 1733860368.0759108, "_runtime": 1378.8627648353577, "_step": 0}