{"training_loss": 72.77296447753906, "training_acc": 0.0004065040650406504, "training_prec": 0.0004065040650406504, "training_recall": 0.0004065040650406504, "training_f1": 0.0004065040650406504, "training_bleu": 0.0004065040650406504, "validate_loss": 63.96244812011719, "validate_acc": 0.0, "validate_prec": 0.0, "validate_recall": 0.0, "validate_f1": 0.0, "validate_bleu": 0.0, "_timestamp": 1733623490.4325404, "_runtime": 7009.9161784648895, "_step": 5}