{"training_loss": 72.4076919555664, "training_acc": 0.0006097560975609756, "training_prec": 0.0006097560975609756, "training_recall": 0.0006097560975609756, "training_f1": 0.0006097560975609756, "training_bleu": 0.0006097560975609756, "validate_loss": 62.251705169677734, "validate_acc": 0.0, "validate_prec": 0.0, "validate_recall": 0.0, "validate_f1": 0.0, "validate_bleu": 0.0, "_timestamp": 1733804581.5982378, "_runtime": 3859.4212567806244, "_step": 2, "_wandb": {"runtime": 3858}}